Year,Municipality,Math_grade_rate_result,Left_share,Right_share,Median_income,Average_income,Lower_education_percentage,Population_growth_rate
2015,Avesta,86.9,58.54,24.4,326.2,8.9,8.34,-0.027828084
2015,Borlänge,82.9,47.55,37.7,315.1,9.6,9.61,-0.008232873
2015,Falun,89.8,47.55,31.15,327.8,9.4,11.4,-0.002698913
2015,Gagnef,94.4,34.28,22.86,323.8,8.5,8.91,-0.007355865
2015,Hedemora,93.4,43.91,26.83,314,10.4,8.65,-0.007763669
2015,Leksand,88,36.73,30.6,333.4,9.5,10.82,-0.003921825
2015,Ludvika,90,53.34,37.78,319.5,8.6,8.32,-0.014132665
2015,Malung-Sälen,91.5,48.72,28.21,326.1,9.9,7.82,-0.00381067
2015,Mora,83.7,39.03,21.96,324.7,8.9,9.54,-0.002841901
2015,Orsa,91.2,35.49,22.59,304.2,10.6,8.78,0.010376519
2015,Rättvik,88.8,41.03,23.07,317.3,9.6,9.78,-0.003526028
2015,Smedjebacken,93.1,57.14,25.71,326.5,8.6,7.93,-0.006503763
2015,Säter,87.5,48.57,28.58,328.3,7.8,9.04,-0.013080207
2015,Vansbro,84.5,38.71,16.14,303.1,10.1,6.83,-0.001342482
2015,Älvdalen,92.9,51.43,20,314.4,9.9,6.87,0.0026958
2016,Avesta,88.2,58.54,24.4,323.7,8.6,8.35,-0.017660332
2016,Borlänge,84.8,47.55,37.7,315.9,8.9,9.69,-0.009051883
2016,Falun,91.8,47.55,31.15,326.6,9.1,11.65,-0.008410955
2016,Gagnef,96.2,34.28,22.86,328.8,7.2,9.15,-0.00808519
2016,Hedemora,85.1,43.91,26.83,316.6,9.4,8.76,-0.012282298
2016,Leksand,92.5,36.73,30.6,338.8,9.1,10.85,-0.009581148
2016,Ludvika,92.2,53.34,37.78,319.3,8.2,8.42,-0.017139016
2016,Malung-Sälen,89.8,48.72,28.21,329.2,9.7,7.96,-0.00518755
2016,Mora,80.1,39.03,21.96,329.6,8.1,9.87,-0.00909046
2016,Orsa,100,35.49,22.59,308.1,10.1,8.94,-0.012443273
2016,Rättvik,98.9,41.03,23.07,321.5,8.8,9.91,-0.004893813
2016,Smedjebacken,89.9,57.14,25.71,330.7,7.7,8.23,-0.009570259
2016,Säter,91.8,48.57,28.58,332.9,8,9.22,-0.006497609
2016,Vansbro,87.1,38.71,16.14,313,8.2,7.04,-0.014262608
2016,Älvdalen,93.1,51.43,20,320.7,8.5,7.12,0.001278591
2017,Avesta,80.4,58.54,24.4,323.3,8.6,8.29,-0.005437597
2017,Borlänge,81.1,47.55,37.7,316.5,8.6,9.83,-0.007748203
2017,Falun,88.3,47.55,31.15,329.8,8.7,11.71,-0.012086252
2017,Gagnef,90.7,34.28,22.86,328.5,7.6,9.11,-0.0108261
2017,Hedemora,85.6,43.91,26.83,319.3,9,8.82,-0.008888316
2017,Leksand,88.2,36.73,30.6,336.1,8.6,10.94,-0.009236098
2017,Ludvika,83.5,53.34,37.78,320.7,7.7,8.45,-0.006786827
2017,Malung-Sälen,92.8,48.72,28.21,329.6,9.2,8.21,-0.00663958
2017,Mora,78.2,39.03,21.96,330.3,7.6,9.79,-0.00540514
2017,Orsa,91,35.49,22.59,307.5,10.4,9.16,-0.006977758
2017,Rättvik,98.1,41.03,23.07,324.5,8.4,9.97,0.001479564
2017,Smedjebacken,85.7,57.14,25.71,337.1,6.9,8.16,-0.00018401
2017,Säter,87.5,48.57,28.58,336.8,8.3,9.38,-0.008500358
2017,Vansbro,79.4,38.71,16.14,306,7.3,7.17,-0.001321586
2017,Älvdalen,92.4,51.43,20,317.4,9.5,7.24,-0.004384724
2018,Avesta,71.1,51.22,39.02,324.1,8,8.17,-0.007538119
2018,Borlänge,82.2,44.27,40.98,318.9,8,9.82,-0.005177075
2018,Falun,89.2,44.27,34.43,330.9,8.1,11.74,-0.010868089
2018,Gagnef,88.3,28.58,28.57,329.2,6.9,9.09,0.000195103
2018,Hedemora,87,36.59,34.14,317.1,9,8.81,0.005895692
2018,Leksand,82.6,28.57,32.65,338.3,8.5,11.18,-0.011538705
2018,Ludvika,85.8,46.66,40,320,7.9,8.52,-0.00044484
2018,Malung-Sälen,90.3,46.16,38.46,334.4,8.6,8.09,-0.001978044
2018,Mora,83.7,31.71,24.4,331.6,6.8,9.84,-0.000343845
2018,Orsa,75.9,35.49,22.58,311.5,9.8,8.96,-0.00260983
2018,Rättvik,90.4,30.77,35.89,329.6,8.5,10.05,-0.007616775
2018,Smedjebacken,96.7,57.14,28.58,339,6.8,8.19,-0.00110284
2018,Säter,91.9,40,34.29,332.9,7.3,9.36,0.0029615
2018,Vansbro,76.3,32.26,25.81,311.5,8.2,7.35,0.003093239
2018,Älvdalen,88.5,34.29,22.86,319.4,8.8,7.23,-0.006184987
2019,Avesta,79.3,51.22,39.02,326.1,7.4,8.22,0.007030408
2019,Borlänge,75.4,44.27,40.98,318.7,7.7,9.85,-0.006704123
2019,Falun,89.2,44.27,34.43,333.4,7.6,11.58,-0.008319019
2019,Gagnef,92.1,28.58,28.57,331.1,6.4,9.11,-0.005819028
2019,Hedemora,81.3,36.59,34.14,316.9,8.7,8.87,-0.002197944
2019,Leksand,80.6,28.57,32.65,338.2,7.6,11.06,-0.00284486
2019,Ludvika,92.1,46.66,40,320,7.4,8.51,0.002043015
2019,Malung-Sälen,90.8,46.16,38.46,335.3,8,8.22,0.0023793
2019,Mora,81.5,31.71,24.4,335.9,6.7,9.81,-0.002743215
2019,Orsa,85.7,35.49,22.58,312.3,8.9,9.12,-0.003323699
2019,Rättvik,90.4,30.77,35.89,335,7.3,10.17,-0.006110908
2019,Smedjebacken,90.7,57.14,28.58,337.3,6.2,8.24,-0.000459306
2019,Säter,90.9,40,34.29,335.2,6.8,9.67,0.002789777
2019,Vansbro,75,32.26,25.81,314.8,7.3,7.66,-0.000441696
2019,Älvdalen,95.3,34.29,22.86,321.9,7.9,7.18,0.012092759
2020,Avesta,81.5,51.22,39.02,328.7,7.2,8.35,0.003679654
2020,Borlänge,84.1,44.27,40.98,318.7,8,9.89,0.001258605
2020,Falun,90.8,44.27,34.43,336.5,7.2,11.46,-0.002603423
2020,Gagnef,87,28.58,28.57,333.8,6.8,9.23,-0.006264456
2020,Hedemora,88.5,36.59,34.14,319.7,8.5,8.99,0.002982559
2020,Leksand,91.4,28.57,32.65,341.4,8,11.21,0.00228108
2020,Ludvika,89,46.66,40,321.9,7.7,8.61,0.009562739
2020,Malung-Sälen,88.4,46.16,38.46,339.1,7.7,8.39,-0.00247231
2020,Mora,86.4,31.71,24.4,333.6,7.3,10,-0.003709126
2020,Orsa,88.3,35.49,22.58,312.3,9.7,9.03,0.00318933
2020,Rättvik,98.4,30.77,35.89,336.7,7.6,10.36,-0.00580341
2020,Smedjebacken,92.7,57.14,28.58,338.1,6.6,8.35,0.004058292
2020,Säter,93.9,40,34.29,339.7,6.7,9.8,-0.003139858
2020,Vansbro,93.1,32.26,25.81,320.8,7.7,7.64,-0.002203614
2020,Älvdalen,95.2,34.29,22.86,327.2,7.8,7.38,-0.000710833
2021,Avesta,74.3,51.22,39.02,333.1,7.4,8.57,0.007457805
2021,Borlänge,86.4,44.27,40.98,325.3,7.4,9.98,0.003425182
2021,Falun,90.6,44.27,34.43,346,6.8,11.61,-0.004198167
2021,Gagnef,96.4,28.58,28.57,346.6,6.7,9.71,-0.011527103
2021,Hedemora,83.5,36.59,34.14,327.2,8.1,9.23,-0.001489059
2021,Leksand,89,28.57,32.65,353.4,7.4,11.32,-0.014487324
2021,Ludvika,87.1,46.66,40,326.2,7.1,8.75,0.006340101
2021,Malung-Sälen,90,46.16,38.46,352.9,7.1,8.64,-0.00462644
2021,Mora,87.9,31.71,24.4,340.5,6.6,10.24,-0.005484638
2021,Orsa,79.4,35.49,22.58,318.1,8.7,9.14,-0.004042738
2021,Rättvik,88.7,30.77,35.89,342,7.7,10.4,-0.005500947
2021,Smedjebacken,92.2,57.14,28.58,347.1,6.4,8.68,-0.008504801
2021,Säter,88,40,34.29,347.3,6.3,10.04,-0.007125679
2021,Vansbro,85.7,32.26,25.81,328.5,6.9,7.64,0.006357185
2021,Älvdalen,87,34.29,22.86,328,8.3,7.71,0.000711339
2022,Avesta,87.3,48.78,43.9,323.3,6.7,8.82,0.000130856
2022,Borlänge,83.7,44.27,42.62,314,7.3,10.28,0.000996016
2022,Falun,92.2,45.91,37.71,333.6,6,11.79,-0.001119372
2022,Gagnef,91,28.57,40,331.9,6.4,10.13,0.000953562
2022,Hedemora,89.1,34.28,42.86,313.6,7.2,9.49,0.000323813
2022,Leksand,84.3,34.15,31.71,340.8,6.5,11.46,-0.006514052
2022,Ludvika,84.5,44.44,42.22,313.7,6.6,9.08,0.005883916
2022,Malung-Sälen,93.3,41.03,41.02,339.2,6.9,8.95,-0.005482134
2022,Mora,85.1,29.27,29.28,326.4,6.3,10.34,-0.003193188
2022,Orsa,92.6,32.26,32.26,308.1,7.5,9.53,0
2022,Rättvik,90.1,30.77,43.59,330.3,6.8,10.5,-0.004399354
2022,Smedjebacken,92.9,62.86,31.43,332.6,5.8,8.86,-0.001643385
2022,Säter,85.1,42.86,40,333,6,10.15,-0.003196306
2022,Vansbro,72,32.26,48.38,313,6.7,7.82,-0.003535651
2022,Älvdalen,82.7,31.43,34.29,321.2,7.4,7.9,0.002424415
2023,Avesta,81.9,48.78,43.9,314.4,7.8,8.91,0.004953316
2023,Borlänge,85,44.27,42.62,306.5,7.9,10.49,0.008382586
2023,Falun,90.2,45.91,37.71,326.9,6.9,11.7,-0.001884338
2023,Gagnef,91.5,28.57,40,322.9,7,10.1,0.004694386
2023,Hedemora,82.6,34.28,42.86,308.7,8.5,9.7,0.006846635
2023,Leksand,87.2,34.15,31.71,333.8,7.8,11.73,0.002363037
2023,Ludvika,85.5,44.44,42.22,311.9,7.3,9.11,-0.002687969
2023,Malung-Sälen,84.9,41.03,41.02,331.2,7.4,8.97,0.001863476
2023,Mora,88.3,29.27,29.28,326.6,7.3,10.39,0.005301556
2023,Orsa,84.6,32.26,32.26,307.5,8.7,9.57,0.000867052
2023,Rättvik,88.6,30.77,43.59,320.2,8.2,10.8,0.005053239
2023,Smedjebacken,92.2,62.86,31.43,329,6.9,9.09,-0.000273823
2023,Säter,82.8,42.86,40,325.9,7,10.18,0.000621891
2023,Vansbro,73.2,32.26,48.38,306.9,7.1,7.93,0.008019008
2023,Älvdalen,87.8,31.43,34.29,318.5,7.8,7.94,0.012855698
